category,code,title
Humanities & Social Sciences (HSS),20UC1101J,INTEGRATED PROFESSIONAL ENGLISH
Humanities & Social Sciences (HSS),20UC1101S,INTEGRATED PROFESSIONAL ENGLISH
Humanities & Social Sciences (HSS),20UC1101N,INTEGRATED PROFESSIONAL ENGLISH
Humanities & Social Sciences (HSS),20UC1101,INTEGRATED PROFESSIONAL ENGLISH
Humanities & Social Sciences (HSS),20UC1202N,ENGLISH PROFICIENCY
Humanities & Social Sciences (HSS),20UC1202J,ENGLISH PROFICIENCY
Humanities & Social Sciences (HSS),20UC1202,ENGLISH PROFICIENCY
Humanities & Social Sciences (HSS),20UC2103,PROFESSIONAL COMMUNICATION SKILLS
Humanities & Social Sciences (HSS),20UC2204,CORPORATE COMMUNICATION SKILLS
Humanities & Social Sciences (HSS),20UC3005,APTITUDE BUILDER
Humanities & Social Sciences (HSS),20UC0010,UNIVERSAL HUMAN VALUES & PROFESSIONAL ETHICS (UHPE)
Humanities & Social Sciences (HSS),20UC0010M,UNIVERSAL HUMAN VALUES & PROFESSIONAL ETHICS (UHPE)
Humanities & Social Sciences (HSS),20UC0012M,GENDER SENSATIZATION
Basic Sciences (BS),20MT1101S,MATHEMATICS FOR COMPUTING
Basic Sciences (BS),20MT1101N,MATHEMATICS FOR COMPUTING
Basic Sciences (BS),20MT1101J,MATHEMATICS FOR COMPUTING
Basic Sciences (BS),20MT1101,MATHEMATICS FOR COMPUTING
Basic Sciences (BS),19MT2102J,MATHEMATICS FOR ENGINEERS
Basic Sciences (BS),19MT2102N,MATHEMATICS FOR ENGINEERS
Basic Sciences (BS),19MT2102,MATHEMATICS FOR ENGINEERS
Basic Sciences (BS),20CS2105R,MATHEMATICAL PROGRAMMING - 1
Basic Sciences (BS),20CS2105A,MATHEMATICAL PROGRAMMING - 1
Basic Sciences (BS),20CS2105P,MATHEMATICAL PROGRAMMING - 1
Basic Sciences (BS),20CS2210RA,MATHEMATICAL PROGRAMMING - 2
Basic Sciences (BS),20CS2210RB,MATHEMATICAL PROGRAMMING - 2
Basic Sciences (BS),20CS2210PA,MATHEMATICAL PROGRAMMING - 2
Basic Sciences (BS),20CS2210RG,MATHEMATICAL PROGRAMMING - 2
Basic Sciences (BS),20UC1102,DESIGN THINKING & INNOVATION -1
Basic Sciences (BS),20UC1102.,DESIGN THINKING & INNOVATION -1
Basic Sciences (BS),20UC1102N,DESIGN THINKING & INNOVATION -1
Basic Sciences (BS),20UC1102J,DESIGN THINKING & INNOVATION -1
Basic Sciences (BS),20UC1203,DESIGN THINKING & INNOVATION -2
Engineering Sciences (ES),20SC1101J,COMPUTATIONAL THINKING FOR DESIGN
Engineering Sciences (ES),20SC1101N,COMPUTATIONAL THINKING FOR DESIGN
Engineering Sciences (ES),20SC1101S,COMPUTATIONAL THINKING FOR DESIGN
Engineering Sciences (ES),20SC1101,COMPUTATIONAL THINKING FOR DESIGN
Engineering Sciences (ES),20ME1103N,DESIGN TOOLS WORKSHOP - 1
Engineering Sciences (ES),20ME1103J,DESIGN TOOLS WORKSHOP - 1
Engineering Sciences (ES),20ME1103S,DESIGN TOOLS WORKSHOP - 1
Engineering Sciences (ES),20ME1103,DESIGN TOOLS WORKSHOP - 1
Engineering Sciences (ES),20EC1101N,DIGITAL LOGIC & PROCESSORS
Engineering Sciences (ES),20EC1101S,DIGITAL LOGIC & PROCESSORS
Engineering Sciences (ES),20EC1101J,DIGITAL LOGIC & PROCESSORS
Engineering Sciences (ES),20EC1101,DIGITAL LOGIC & PROCESSORS
Engineering Sciences (ES),19CS1203N,OBJECT ORIENTED PROGRAMMING
Engineering Sciences (ES),19CS1203J,OBJECT ORIENTED PROGRAMMING
Engineering Sciences (ES),19CS1203,OBJECT ORIENTED PROGRAMMING
Engineering Sciences (ES),19SC1202N,DATA STRUCTURES
Engineering Sciences (ES),19SC1202J,DATA STRUCTURES
Engineering Sciences (ES),19SC1202,DATA STRUCTURES
Engineering Sciences (ES),19SC1209N,DESIGN TOOLS WORKSHOP - II
Engineering Sciences (ES),19SC1209J,DESIGN TOOLS WORKSHOP - II
Engineering Sciences (ES),19SC1209,DESIGN TOOLS WORKSHOP - II
Engineering Sciences (ES),19EC1202N,COMPUTER ORGANIZATION & ARCHITECTURE
Engineering Sciences (ES),19EC1202J,COMPUTER ORGANIZATION & ARCHITECTURE
Engineering Sciences (ES),19EC1202,COMPUTER ORGANIZATION & ARCHITECTURE
Professional Core (PC),20CS2104S,DATABASE MANAGEMENT SYSTEMS
Professional Core (PC),20CS2104A,DATABASE MANAGEMENT SYSTEMS
Professional Core (PC),20CS2104P,DATABASE MANAGEMENT SYSTEMS
Professional Core (PC),20CS2205R,ELEMENTS OF SOFTWARE CONSTRUCTION
Professional Core (PC),20CS2205A,ELEMENTS OF SOFTWARE CONSTRUCTION
Professional Core (PC),20CS2205P,ELEMENTS OF SOFTWARE CONSTRUCTION
Professional Core (PC),20CS2103S,OPERATING SYSTEMS DESIGN
Professional Core (PC),20CS2103A,OPERATING SYSTEMS DESIGN
Professional Core (PC),20CS2103P,OPERATING SYSTEMS DESIGN
Professional Core (PC),20CS2222RA,COMPUTER NETWORKS & SECURITY 
Professional Core (PC),20CS2222RB,COMPUTER NETWORKS & SECURITY 
Professional Core (PC),20CS2222AH,COMPUTER NETWORKS & SECURITY 
Professional Core (PC),20CS2222AA,COMPUTER NETWORKS & SECURITY 
Professional Core (PC),20CS2222PA,COMPUTER NETWORKS & SECURITY 
Professional Core (PC),20CS2221RB,AI FOR DATA SCIENCE
Professional Core (PC),20CS2221AA,AI FOR DATA SCIENCE
Professional Core (PC),20CS2221AH,AI FOR DATA SCIENCE
Professional Core (PC),20CS2221PA,AI FOR DATA SCIENCE
Professional Core (PC),20CS2220RA,DESIGN & ANALYSIS OF ALGORITHMS
Professional Core (PC),20CS2220AH,DESIGN & ANALYSIS OF ALGORITHMS
Professional Core (PC),20CS2220RB,DESIGN & ANALYSIS OF ALGORITHMS
Professional Core (PC),20CS2220AA,DESIGN & ANALYSIS OF ALGORITHMS
Professional Core (PC),20CS2220PA,DESIGN & ANALYSIS OF ALGORITHMS
Professional Core (PC),20CS2107RA,ENTERPRISE PROGRAMMING
Professional Core (PC),20CS2107RB,ENTERPRISE PROGRAMMING
Professional Core (PC),20CS2107AA,ENTERPRISE PROGRAMMING
Professional Core (PC),20CS2107PA,ENTERPRISE PROGRAMMING
Professional Core (PC),20CS4115,PARALLEL & DISTRIBUTED COMPUTING
Skill Development Core Courses (SDC),20TS2101S,MEA(R)N STACK WEB DEVELOPMENT
Skill Development Core Courses (SDC),20TS2101P,MEA(R)N STACK WEB DEVELOPMENT
Skill Development Core Courses (SDC),20TS2290RB,PYTHON FULL STACK DEVELOPMENT/TECHNICAL SKILLING 2
Skill Development Core Courses (SDC),20TS2290AA,PYTHON FULL STACK DEVELOPMENT
Skill Development Core Courses (SDC),20TS2290AH,PYTHON FULL STACK DEVELOPMENT
Skill Development Core Courses (SDC),20TS2290PA,PYTHON FULL STACK DEVELOPMENT
Skill Development Core Courses (SDC),20TS3101RB,JAVA FULL STACK DEVELOPMENT+MICRO SERVICES
Skill Development Core Courses (SDC),20TS3103AA,JAVA FULL STACK DEVELOPMENT
Skill Development Core Courses (SDC),20TS1005RA,TOOL BASED LEARNING-1(Cloud Fundamentals)
Skill Development Core Courses (SDC),20TS2006RA,TOOL BASED LEARNING -2(SCRUM Fundamentals))
Skill Development Elective Courses (SDC ELEC),20TS3201RB,TECHNICAL SKILLS - 4
Skill Development Elective Courses (SDC ELEC),20CS3297AA,IT VENTURE MANAGEMENT
Professional Elective - 1 (PE1),20CS3020RB,MACHINE LEARNING
Professional Elective - 1 (PE1),20CS3020AA,MACHINE LEARNING
Professional Elective - 1 (PE1),20CS3020PA,MACHINE LEARNING
Professional Elective - 1 (PE1),20CS3051RB,DATA VISUALIZATION TECHNIQUES
Professional Elective - 1 (PE1),20CS3275AA,DATA VISUALIZATION TECHNIQUES
Professional Elective - 1 (PE1),20CS3275PA,DATA VISUALIZATION TECHNIQUES
Professional Elective - 1 (PE1),20CS3037RB,CLOUD INFRASTRUCTURE & SERVICES
Professional Elective - 1 (PE1),20CS3037AA,CLOUD INFRASTRUCTURE & SERVICES
Professional Elective - 1 (PE1),20CS3037PA,CLOUD INFRASTRUCTURE & SERVICES
Professional Elective - 1 (PE1),20CS3117AA,IOT SENSING  AND ACTUATING DEVICES
Professional Elective - 1 (PE1),20CS3117PA,IOT SENSING AND ACTUATING DEVICES
Professional Elective - 1 (PE1),20CS3062RB,SOFTWARE VERIFICATION & VALIDATION
Professional Elective - 1 (PE1),20CS3062AA,SOFTWARE VERIFICATION & VALIDATION
Professional Elective - 1 (PE1),20CS3062PA,SOFTWARE VERIFICATION & VALIDATION
Professional Elective - 1 (PE1),20CS3041RB,CRYPT ANALYSIS & CYBER DEFENSE
Professional Elective - 1 (PE1),20CS3041AA,CRYPT ANALYSIS & CYBER DEFENSE
Professional Elective - 1 (PE1),20CS3041PA,CRYPT ANALYSIS & CYBER DEFENSE
Professional Elective - 1 (PE1),20CS3071RB,PROGRAMMING FOR GAME DEVELOPMENT
Professional Elective - 1 (PE1),20CS3071AA,PROGRAMMING FOR GAME DEVELOPMENT
Professional Elective - 1 (PE1),20CS3071PA,PROGRAMMING FOR GAME DEVELOPMENT
Professional Elective - 2 (PE2),20CS3022RA,SOFT COMPUTING
Professional Elective - 2 (PE2),20CS3022PA,SOFT COMPUTING
Professional Elective - 2 (PE2),20CS3026RA,ARTIFICIAL NEURAL NETWORKS
Professional Elective - 2 (PE2),"
20CS3026RB",ARTIFICIAL NEURAL NETWORKS
Professional Elective - 2 (PE2),20CS3026PA,ARTIFICIAL NEURAL NETWORKS
Professional Elective - 2 (PE2),20CS3052RA,DATA WAREHOUSING & MINING
Professional Elective - 2 (PE2),20CS3052RB,DATA WAREHOUSING & MINING
Professional Elective - 2 (PE2),20CS3052PA,DATA WAREHOUSING & MINING
Professional Elective - 2 (PE2),20CS3032RB,ADVANCED OPERATING SYSTEMS
Professional Elective - 2 (PE2),20CS3234RA,APPLICATION DEVELOPMENT ON CLOUD
Professional Elective - 2 (PE2),20CS3234PA,APPLICATION DEVELOPMENT ON CLOUD
Professional Elective - 2 (PE2),20CS3235RA,SOLUTIONS ARCHITECTING ON CLOUD
Professional Elective - 2 (PE2),20CS3235PA,SOLUTIONS ARCHITECTING ON CLOUD
Professional Elective - 2 (PE2),20CS3042RA,NETWORK & INFRASTRUCTURE SECURITY
Professional Elective - 2 (PE2),20CS3042PA,NETWORK & INFRASTRUCTURE SECURITY
Professional Elective - 2 (PE2),20CS3045RA,INTRODUCTION TO BLOCKCHAIN & CRYPTOCURRENCIES
Professional Elective - 2 (PE2),20CS3045RB,INTRODUCTION TO BLOCKCHAIN & CRYPTOCURRENCIES
Professional Elective - 2 (PE2),20CS3045PA,INTRODUCTION TO BLOCKCHAIN & CRYPTOCURRENCIES
Professional Elective - 2 (PE2),20CS3064RA,UX DESIGN
Professional Elective - 2 (PE2),20CS3064RB,UX DESIGN
Professional Elective - 2 (PE2),20CS3064PA,UX DESIGN
Professional Elective - 2 (PE2),20CS3065RB,DESIGN PATTERNS & CLEAN CODING TECHNIQUES
Professional Elective - 2 (PE2),20CS3118RA,INTERNET OF THINGS - ARCHITECTURE & PROTOCOLS
Professional Elective - 2 (PE2),20CS3118PA,INTERNET OF THINGS - ARCHITECTURE & PROTOCOLS
Professional Elective - 3 (PE3),20CS3298AA,CYBER PHYSICAL SYSTEMS
Professional Elective - 3 (PE3),20CS3298PA,CYBER PHYSICAL SYSTEMS
Professional Elective - 3 (PE3),20CS3281RB,CLOUD & SERVERLESS COMPUTING
Professional Elective - 3 (PE3),20CS3281AA,CLOUD & SERVERLESS COMPUTING
Professional Elective - 3 (PE3),20CS3281PA,CLOUD & SERVERLESS COMPUTING
Professional Elective - 3 (PE3),20CS3256RB,CONTINUOUS DELIVERY & DEVOPS
Professional Elective - 3 (PE3),20CS3256AA,CONTINUOUS DELIVERY & DEVOPS
Professional Elective - 3 (PE3),20CS3256PA,CONTINUOUS DELIVERY & DEVOPS
Professional Elective - 3 (PE3),20CS3269RB,DEEP LEARNING
Professional Elective - 3 (PE3),20CS3269AA,DEEP LEARNING
Professional Elective - 3 (PE3),20CS3269PA,DEEP LEARNING
Professional Elective - 3 (PE3),20CS3275RB,BIG DATA ANALYTICS
Professional Elective - 3 (PE3),20CS3051AA,BIG DATA ANALYTICS
Professional Elective - 3 (PE3),20CS3051PA,BIG DATA ANALYTICS
Professional Elective - 3 (PE3),20CS3259RB,DIGITAL FORENSICS
Professional Elective - 3 (PE3),20CS3259AA,DIGITAL FORENSICS
Professional Elective - 3 (PE3),20CS3259PA,DIGITAL FORENSICS
Professional Elective - 3 (PE3),20CS3266RB,AR & VR APPLICATION DEVELOPMENT
Professional Elective - 3 (PE3),20CS3266AA,AR & VR APPLICATION DEVELOPMENT
Professional Elective - 3 (PE3),20CS3266PA,AR & VR APPLICATION DEVELOPMENT
Professional Elective - 4 (PE4),20CS3251RA,ADVANCE COMPUTER ARCHITECTURE
Professional Elective - 4 (PE4),20CS3251PA,ADVANCE COMPUTER ARCHITECTURE
Professional Elective - 4 (PE4),20CS3252RA,PARALLEL ALGORITHMS
Professional Elective - 4 (PE4),20CS3252PA,PARALLEL ALGORITHMS
Professional Elective - 4 (PE4),20CS3212M,INTRODUCTION TO PARALLEL PROGRAMMING
Professional Elective - 4 (PE4),20CS3285RB,ARCHITECTING CLOUD SOLUTIONS
Professional Elective - 4 (PE4),20CS3257RA,SOFTWARE PROJECT MANAGEMENT
Professional Elective - 4 (PE4),20CS3257PA,SOFTWARE PROJECT MANAGEMENT
Professional Elective - 4 (PE4),20CS3231RA,VISUAL PROGRAMMING
Professional Elective - 4 (PE4),20CS3231RB,VISUAL PROGRAMMING
Professional Elective - 4 (PE4),20CS3231PA,VISUAL PROGRAMMING
Professional Elective - 4 (PE4),20CS3270RA,COGNITIVE COMPUTING
Professional Elective - 4 (PE4),20CS3270RB,COGNITIVE COMPUTING
Professional Elective - 4 (PE4),20CS3270PA,COGNITIVE COMPUTING
Professional Elective - 4 (PE4),20CS3217M,REINFORCEMENT LEARNING
Professional Elective - 4 (PE4),20CS3271RA,PERCEPTION AND COMPUTER VISION
Professional Elective - 4 (PE4),20CS3271PA,PERCEPTION AND COMPUTER VISION
Professional Elective - 4 (PE4),20CS3276RA,BIG DATA OPTMIZATION
Professional Elective - 4 (PE4),20CS3276RB,BIG DATA OPTMIZATION
Professional Elective - 4 (PE4),20CS3276PA,BIG DATA OPTMIZATION
Professional Elective - 4 (PE4),20CS3277RA,BIOINFORMATICS
Professional Elective - 4 (PE4),20CS3277PA,BIOINFORMATICS
Professional Elective - 4 (PE4),20CS3277M,BIOINFORMATICS
Professional Elective - 4 (PE4),20CS3284RA,DIGITAL MEDIA ANALYTICS
Professional Elective - 4 (PE4),20CS3284PA,DIGITAL MEDIA ANALYTICS
Professional Elective - 4 (PE4),20CS3287RA,CLOUD SECURITY
Professional Elective - 4 (PE4),20CS3287PA,CLOUD SECURITY
Professional Elective - 4 (PE4),20CS3260RA,DATABASE & SYSTEM SECURITY
Professional Elective - 4 (PE4),20CS3260PA,DATABASE & SYSTEM SECURITY
Professional Elective - 4 (PE4),20CS3213M,HARDWARE SECURITY
Professional Elective - 4 (PE4),20CS3261RA,PROGRAMMING FOR SMART CONTRACTS
Professional Elective - 4 (PE4),20CS3261RB,PROGRAMMING FOR SMART CONTRACTS
Professional Elective - 4 (PE4),20CS3261PA,PROGRAMMING FOR SMART CONTRACTS
Professional Elective - 4 (PE4),20CS3296RB,COMPUTER GRAPHICS
Professional Elective - 4 (PE4),20CS3278RA,DIGITAL VIDEO PROCESSING
Professional Elective - 4 (PE4),20CS3278PA,DIGITAL VIDEO PROCESSING
Professional Elective - 4 (PE4),20CS3299RA,FOUNDATIONS OF EMBEDDED & HYBRID SYSTEMS
Professional Elective - 4 (PE4),20CS3299PA,FOUNDATIONS OF EMBEDDED & HYBRID SYSTEMS
Professional Elective - 4 (PE4),20CS3211M,INTRODUCTION TO INDUSTRY 4.0 AND INDUSTRIAL INTERNET OF THINGS
Professional Elective - 4 (PE4),20CS3265RA,WIRELESS SENSOR NETWORKS
Professional Elective - 4 (PE4),20CS3265PA,WIRELESS SENSOR NETWORKS
Professional Elective - 5 (PE5),20CS3250RA,CLOUD COMPUTING FOR IOT ENGINEERS
Professional Elective - 5 (PE5),20CS3250PA,CLOUD COMPUTING FOR IOT ENGINEERS
Professional Elective - 5 (PE5),20CS3253RA,EDGE COMPUTING
Professional Elective - 5 (PE5),20CS3253RB,EDGE COMPUTING
Professional Elective - 5 (PE5),20CS3253PA,EDGE COMPUTING
Professional Elective - 5 (PE5),20CS3214M,GPU ARCHITECTURES AND PROGRAMMING
Professional Elective - 5 (PE5),20CS3038RA,HIGH PERFORMANCE COMPUTING
Professional Elective - 5 (PE5),20CS3038PA,HIGH PERFORMANCE COMPUTING
Professional Elective - 5 (PE5),20CS3273RA,NATURAL LANGUAGE PROCESSING
Professional Elective - 5 (PE5),20CS3273RB,NATURAL LANGUAGE PROCESSING
Professional Elective - 5 (PE5),20CS3273PA,NATURAL LANGUAGE PROCESSING
Professional Elective - 5 (PE5),20CS3273M,NATURAL LANGUAGE PROCESSING
Professional Elective - 5 (PE5),20CS3274RA,SPEECH PROCESSING
Professional Elective - 5 (PE5),20CS3274PA,SPEECH PROCESSING
Professional Elective - 5 (PE5),20CS3272RA,COMPUTATIONAL EPIDEMIOLOGY
Professional Elective - 5 (PE5),20CS3272PA,COMPUTATIONAL EPIDEMIOLOGY
Professional Elective - 5 (PE5),20CS3280RA,GRAPH & WEB ANALYTICS
Professional Elective - 5 (PE5),20CS3280RB,GRAPH & WEB ANALYTICS
Professional Elective - 5 (PE5),20CS3280PA,GRAPH & WEB ANALYTICS
Professional Elective - 5 (PE5),20CS3262RA,SECURE SOFTWARE ENGINEERING
Professional Elective - 5 (PE5),20CS3262PA,SECURE SOFTWARE ENGINEERING
Professional Elective - 5 (PE5),20CS3215M,QUANTUM ALGORITHMS AND CRYPTOGRAPHY
Professional Elective - 5 (PE5),20CS3264RA,WEB SECURITY
Professional Elective - 5 (PE5),20CS3264PA,WEB SECURITY
Professional Elective - 5 (PE5),20CS3268RA,PRINCIPLES OF GAME DESIGN
Professional Elective - 5 (PE5),20CS3267RB,BUSINESS OF GAMES & ENTREPRENEURSHIP 
Professional Elective - 5 (PE5),20CS3268PA,PRINCIPLES OF GAME DESIGN
Professional Elective - 5 (PE5),20CS3216M,BUSINESS ANALYTICS FOR MANAGEMENT DECISION
Professional Elective - 5 (PE5),20CS3279RA,ADVANCED DATABASES
Professional Elective - 5 (PE5),20CS3279PA,ADVANCED DATABASES
Professional Elective - 5 (PE5),20CS3255RA,CROSS PLATFORM DEVELOPMENT FRAMEWORKS
Professional Elective - 5 (PE5),20CS3255RB,CROSS PLATFORM DEVELOPMENT FRAMEWORKS
Professional Elective - 5 (PE5),20CS3255PA,CROSS PLATFORM DEVELOPMENT FRAMEWORKS
Professional Elective - 5 (PE5),20CS3295RA,SOFTWARE ARCHITECTURE & DESIGN
Professional Elective - 5 (PE5),20CS3295PA,SOFTWARE ARCHITECTURE & DESIGN
Flexi Core (FXC),20CS3061RB,AUTOMATA THEORY & FORMAL LANGUAGES
Flexi Core (FXC),20CS3061AA,AUTOMATA THEORY & FORMAL LANGUAGES
Flexi Core (FXC),20CS3061PA,AUTOMATA THEORY & FORMAL LANGUAGES
Flexi Core (FXC),20CS3234AA,APPLICATION DEVELOPMENT ON CLOUD
Flexi Core (FXC),20CS3234PA,APPLICATION DEVELOPMENT ON CLOUD
Flexi Core (FXC),20CS3235AA,SOLUTIONS ARCHITECTING ON CLOUD
Flexi Core (FXC),20CS3235PA,SOLUTIONS ARCHITECTING ON CLOUD
Flexi Core (FXC),20CS3204RB,COMPILER DESIGN
Flexi Core (FXC),20CS3204AA,COMPILER DESIGN
Flexi Core (FXC),20CS3204PA,COMPILER DESIGN
Flexi Core (FXC),20CS3016AA,.NET PROGRAMMING (EPAM)
Flexi Core (FXC),20CS3016PA,.NET PROGRAMMING (EPAM)
Flexi Core (FXC),20CS3017AA,FRONT END WEB DEVELOPMENT (EPAM)
Flexi Core (FXC),20CS3017PA,FRONT END WEB DEVELOPMENT (EPAM)
Flexi Core (FXC),20CS3018AA,SOFTWARE TESTING (EPAM)
Flexi Core (FXC),20CS3018PA,SOFTWARE TESTING (EPAM)
Flexi Core (FXC),20CS3019AA,CLOUD DEVOPS (EPAM)
Flexi Core (FXC),20CS3019PA,CLOUD DEVOPS (EPAM)
Project Courses (PR),20IE3042AA,RESEARCH SEMINAR
Project Courses (PR),20IE3043RA,TERM PAPER
Project Courses (PR),20IE3043RB,TERM PAPER
Project Courses (PR),20IE4053,INTERNSHIP
Project Courses (PR),20IE4051,INTERNSHIP-1
Project Courses (PR),20IE4050,PRACTICE SCHOOL
Project Courses (PR),20IE4049,"
CAPSTONE PROJECT"
Project Courses (PR),20IE4048A,CAPSTONE PROJECT-1
Project Courses (PR),20IE4048,CAPSTONE PROJECT-1
Project Courses (PR),20IE4150,CAPSTONE PROJECT-1
Project Courses (PR),20IE4150A,CAPSTONE PROJECT-1
Project Courses (PR),20IE4052,INTERNSHIP-2
Project Courses (PR),20IE4049A,CAPSTONE PROJECT-2
Project Courses (PR),20IE4250,CAPSTONE PROJECT-2
Project Courses (PR),20IE4250A,CAPSTONE PROJECT-2
Project Courses (PR),20IE2246RA,TECHNICAL INTERNSHIP
Project Courses (PR),20IE2050,SOCIAL INTERNSHIP
Project Courses (PR),20IE4050RA,RESEARCH INTERNSHIP
Project Courses (PR),20IE2246RB,TECHNICAL INTERNSHIP
Physics Elective (PHY),18PH4101,QUANTUM PHYSICS FOR ENGINEERS
Physics Elective (PHY),19PH4002M,OPTICAL ENGINEERING
Physics Elective (PHY),19PH4003M,SEMICONDUCTOR DEVICES
Chemistry Elective (CHE),18CY1005,CHEMISTRY FOR ENGINEERS
Open Elective 1 (OE1),20BT40A1,IPR & PATENT LAWS
Open Elective 1 (OE1),20BT40A9,BIOMATERIALS
Open Elective 1 (OE1),OEME4001M,GRAPHIC DESIGN
Open Elective 1 (OE1),20OE4002M,PHOTOGRAPHY BASICS AND BEYOND FROM SMART PHONE TO DSLR
Open Elective 1 (OE1),20OE4001M,GRAPHIC DESIGN
Open Elective 1 (OE1),18OE4002M,PHOTOGRAPHY BASICS AND BEYOND FROM SMART PHONE TO DSLR
Open Elective 1 (OE1),20OE4003M,EXPLORING OUR RESPONSES TO CLIMATE CHANGE
Open Elective 1 (OE1),OEVC4002M,PHOTOGRAPHY BASICS
Open Elective 1 (OE1),20OE4004M,PATENT LAW FOR ENGINEERS AND SCIENTISTS
Open Elective 1 (OE1),18OE4002M,PHOTOGRAPHY BASICS AND BEYOND FROM SMART PHONE TO DSLR
Open Elective 2 (OE2),20CE40A2,ENVIRONMENTAL POLLUTION CONTROL METHODS
Open Elective 2 (OE2),20CE40A3,SOLID AND HAZARDOUS WASTE MANAGEMENT
Open Elective 2 (OE2),20CE40A4,REMOTE SENSING & GIS
Open Elective 2 (OE2),20CE40A5,DISASTER MANAGEMENT
Open Elective 2 (OE2),20OE4004M,SELF DRIVING CARS
Open Elective 2 (OE2),20OE4224M,SELF DRIVING CARS
Open Elective 2 (OE2),OEEE4224M,SELF DRIVING CARS
Open Elective 2 (OE2),20OE4005M,"ENERGY PRODUCTION, DISTRIBUTION & SAFETY"
Open Elective 2 (OE2),20OE4221M,CONSTRUCTION MANAGEMENT
Open Elective 2 (OE2),20OE4007M,GEOGRAPHIC INFORMATION SYSTEMS
Open Elective 2 (OE2),OECE5223M,GEOGRAPHIC INFORMATION SYSTEMS
Open Elective 2 (OE2),20OE4008M,NON-CONVENTIONAL ENERGY RESOURCES
Open Elective 3 (OE3),20ME40B7,HYBRID ELECTRIC VEHICLES
Open Elective 3 (OE3),20OE4232M,LEADING SUSTAINABLE COMMUNITY TRANSFORMATION
Open Elective 3 (OE3),20OE4010M,DIGITAL MARKETING
Open Elective 3 (OE3),20OE4231M,DIGITAL MARKETING
Open Elective 3 (OE3),20ME40B4,DIGITAL MARKETING
Open Elective 3 (OE3),20ME40B5,MECHATRONICS
Open Elective 3 (OE3),20ME40B6,EDUCATION FOR SUSTAINABLE DEVELOPMENT
Open Elective 3 (OE3),20UC0011,ENTREPRENEURSHIP
Open Elective 3 (OE3),20OE4234M,INNOVATION MANAGEMENT
Foreign Language Elective (FLE),20FL3054,FRENCH LANGUAGE
Foreign Language Elective (FLE),20FL3055,GERMAN LANGUAGE
Foreign Language Elective (FLE),20FL3052M,LEARN SPANISH: BASIC SPANISH VOCABULARY
Foreign Language Elective (FLE),20FL3060M,RUSSIAN FOR BEGINNERS
Foreign Language Elective (FLE),20FL3063M,MANDARIN LANGUAGE
Foreign Language Elective (FLE),18FL3064M,JAPANESE LANGUAGE
Foreign Language Elective (FLE),20FL3062M,SPANISH LANGUAGE
Foreign Language Elective (FLE),20FL3058M,JAPANESE LANGUAGE
Foreign Language Elective (FLE),20FL3053M,LEARN CHINESE: HSK TEST PREPARATION
Management Elective (ME),20MB4053,MANAGING PERSONAL FINANCES
Management Elective (ME),20MB4055,ORGANIZATION MANAGEMENT
Management Elective (ME),20MB4058M,SIX SIGMA YELLOW BELT
Management Elective (ME),20MB4059M,SEARCH ENGINE OPTIMIZATION
Management Elective (ME),20MB4060M,FINTECH:FINANCE INDUSTRY TRANSFORMATION AND REGULATION
Management Elective (ME),20MB4061M,AN INTRODUCTION TO MICROECONOMICS
Audit Courses (AUD),20UC0008,INDIAN CONSTITUTION
Audit Courses (AUD),20UC0007,INDIAN HERITAGE & CULTURE
Audit Courses (AUD),18UC0009M,ECOLOGY & ENVIRONMENT
Audit Courses (AUD),20UC0009,ECOLOGY & ENVIRONMENT
Audit Courses (AUD),20UC0009M,ECOLOGY & ENVIRONMENT
Placement Training Courses (PTC),20CS3EL01A,COMPETITIVE CODING TRAINING-LEVEL 1
Placement Training Courses (PTC),20CS3EL02A,COMPETITIVE CODING TRAINING-LEVEL 2
Value Added Courses (VAC),20CC3000,AWS CERTIFIED CLOUD PRACTITIONER (CLF-C01)
Value Added Courses (VAC),20CC3010,MICROSOFT CERTIFIED: AZURE DEVELOPER ASSOCIATE (AZ-204)
Value Added Courses (VAC),20CC3011,MICROSOFT CERTIFIED: AZURE FUNDAMENTALS (AZ-900)
Value Added Courses (VAC),20CC3020,MONGODB CERTIFIED DBA ASSOCIATE LEVEL (C100DBA)
Value Added Courses (VAC),20CC3021,MONGODB CERTIFIED DEVELOPER ASSOCIATE (C100DEV)
Value Added Courses (VAC),20CC3040,RED HAT CERTIFIED ENTERPRISE APPLICATION DEVELOPER
Value Added Courses (VAC),20CC3001,AWS CERTIFIED DEVELOPER ASSOCIATE
Value Added Courses (VAC),20CC3002,AWS CERTIFIED SOLUTIONS ARCHITECT ASSOCIATE
Value Added Courses (VAC),20CC3012,MICROSOFT CERTIFIED: AZURE AI FUNDAMENTALS (AI-900)
Value Added Courses (VAC),20CC3030,CODECHEF CERTIFIED DSA(CCDSAP-FOUNDATION LEVEL)
Value Added Courses (VAC),20CC3223,PCAP™ – CERTIFIED ASSOCIATE IN PYTHON PROGRAMMING
Value Added Courses (VAC),20CC3224,C++ CERTIFIED ASSOCIATE PROGRAMMER (CPA)
Value Added Courses (VAC),20CC3225,C PROGRAMMING LANGUAGE CERTIFIED ASSOCIATE (CLA)
Value Added Courses (VAC),20CC3226,CODECHEF CERTIFIED DATA STRUCTURE & ALGORITHMS PROGRAMME
Value Added Courses (VAC),20CC3063,WIPRO TALENT NEXT JAVA FULL STACK CERTIFICATION
Value Added Courses (VAC),20CC3062,WIPRO TALENT NEXT J2EE CERTIFICATION
Value Added Courses (VAC),20CC3015,TENSORFLOW DEVELOPER CERTIFICATE
Value Added Courses (VAC),20CC3227,SERVICENOW CERTIFIED SYSTEM ADMINISTRATOR
Value Added Courses (VAC),20CC3228,SERVICENOW CERTIFIED DEVELOPER
Value Added Courses (VAC),20CC3229,SALESFORCE ADMINISTRATOR CERTIFICATION EXAM (CRT101)
Value Added Courses (VAC),20CC3230,SALESFORCE DEVELOPER CERTIFICATION EXAM
Value Added Courses (VAC),20CC3231,PEGA CERTIFIED SYSTEM ARCHITECT
Value Added Courses (VAC),20CC3232,PEGA CERTIFIED SENIOR SYSTEM ARCHITECT
Value Added Courses (VAC),20CC3058,PALO ALTO NETWORKS CERTIFIED CYBERSECURITY ENTRY-LEVEL TECHNICIAN (PCCET)
Value Added Courses (VAC),20CC3233,ORACLE CLOUD INFRASTRUCTURE CERTIFICATION
Value Added Courses (VAC),20CC3234,MULESOFT CERTIFIED DEVELOPER
Value Added Courses (VAC),20CC3235,MONGODB ASSOCIATE DBA EXAM
Value Added Courses (VAC),20CC3016,MONGODB ASSOCIATE DEVELOPER EXAM
Value Added Courses (VAC),20CC3236,MICROSOFT CERTIFIED: DEVOPS ENGINEER EXPERT (AZ-400)
Value Added Courses (VAC),20CC3237,MICROSOFT CERTIFIED: AZURE SOLUTIONS ARCHITECT EXPERT
Value Added Courses (VAC),20CC3238,MICROSOFT CERTIFIED: AZURE AI ENGINEER ASSOCIATE
Value Added Courses (VAC),20CC3239,MICROSOFT CERTIFIED: AZURE NETWORK ENGINEER ASSOCIATE
Value Added Courses (VAC),20CC3240,MICROSOFT CERTIFIED: AZURE SECURITY ENGINEER ASSOCIATE
Value Added Courses (VAC),20CC3241,MICROSOFT CERTIFIED: AZURE DATA ENGINEER ASSOCIATE
Value Added Courses (VAC),20CC3061,"JUNIPER NETWORKS CERTIFIED ASSOCIATE, JUNOS(JNCIA-JUNOS)"
Value Added Courses (VAC),20CC3242,GOOGLE CLOUD ASSOCIATE CLOUD ENGINEER (GCP-ACE)
Value Added Courses (VAC),20CC3243,CAMBRIDGE ASSESSMENT ENGLISH BEC-PRELIMINARY
Value Added Courses (VAC),20CC3244,AWS CERTIFIED SOLUTIONS ARCHITECT - ASSOCIATE (AWS-SAA)
Value Added Courses (VAC),20CC3010,AWS CERTIFIED DEVELOPER - ASSOCIATE (AWS-DA)
Value Added Courses (VAC),20CC3000,AWS CERTIFIED CLOUD PRACTITIONER (AWS-CP)
Value Added Courses (VAC),20CC3245,AWS CERTIFIED MACHINE LEARNING SPECIALITY
Value Added Courses (VAC),20CC3246,AWS CERTIFIED DATABASE SPECIALITY
Value Added Courses (VAC),20CC3247,AWS CERTIFIED SECURITY SPECIALITY
Value Added Courses (VAC),20CC3248,AWS CERTIFIED DATA ANALYTICS SPECIALITY
Value Added Courses (VAC),20CC3249,AWS CERTIFIED ADVANCED NETWORKING SPECIALITY
Value Added Courses (VAC),20CC3250,AWS CERTIFIED DEVOPS ENGINEER PROFESSIONAL
Value Added Courses (VAC),20CC3251,AWS CERTIFIED SOLUTIONS ARCHITECT PROFESSIONAL
Value Added Courses (VAC),20CC3252,AVIATRIX CERTIFIED ENGINEER MULTI-CLOUD NETWORKING ASSOCIATE (ACE-MCNA)
Value Added Courses (VAC),20CC3253,CERTIFIED ETHICAL HACKER (CEH)
Value Added Courses (VAC),20CC3254,AUTOMATION ANYWHERE RPA CERTIFICATION
Value Added Courses (VAC),20CC3255,PEN-200 | PENETRATION TESTING| OFFENSIVE SECURITY CERTIFICATION
SOCIAL WORK,20UC4001,SOCIAL WORK
SPC,20SP2117,SPORTS CERTIFICATION (YOGA)
SOCIAL WORK,21GN40D1,NCC
